Sequence ID,Sequence
S001,Limpeza Mercearia Tecnologia Mercearia Tecnologia Mercearia Limpeza Mercearia Limpeza Mercearia
S002,Mercearia Tecnologia Higiene Limpeza Mercearia Tecnologia
S003,Higiene Limpeza Tecnologia Mercearia Tecnologia Limpeza Tecnologia
S004,Mercearia Tecnologia Higiene Limpeza Tecnologia Mercearia Limpeza Mercearia
S005,Higiene Tecnologia Higiene Tecnologia Mercearia
S006,Higiene Tecnologia Higiene Tecnologia Mercearia Tecnologia Higiene Tecnologia
S007,Tecnologia Mercearia Tecnologia Higiene Mercearia Tecnologia Mercearia
S008,Tecnologia Mercearia Higiene Limpeza Tecnologia Mercearia Tecnologia Mercearia
S009,Limpeza Mercearia Tecnologia Higiene Tecnologia Mercearia Tecnologia
S010,Mercearia Tecnologia Mercearia Tecnologia Mercearia Limpeza Mercearia Higiene Tecnologia Limpeza Mercearia Tecnologia Higiene Tecnologia Mercearia Tecnologia Mercearia
S011,Mercearia Tecnologia Mercearia Tecnologia Mercearia Limpeza
S012,Tecnologia Mercearia Tecnologia Mercearia Higiene Mercearia Tecnologia Higiene Tecnologia Higiene Limpeza
S013,Mercearia Tecnologia Mercearia Tecnologia Higiene Tecnologia Mercearia Tecnologia
S014,Tecnologia Higiene Tecnologia Mercearia Tecnologia Mercearia Higiene Limpeza Mercearia Higiene
S015,Limpeza Tecnologia Mercearia Higiene Mercearia Higiene Mercearia
S016,Tecnologia Mercearia Tecnologia Mercearia Higiene Mercearia Tecnologia Mercearia Tecnologia Mercearia
S017,Higiene Tecnologia Limpeza Mercearia Limpeza Tecnologia Higiene Mercearia
S018,Mercearia Limpeza Mercearia Higiene Mercearia Higiene Mercearia Limpeza Tecnologia Higiene
S019,Higiene Limpeza Mercearia Higiene Mercearia Tecnologia Higiene Mercearia Tecnologia Limpeza Higiene Mercearia
S020,Mercearia Limpeza Mercearia Tecnologia Mercearia
S021,Tecnologia Higiene Limpeza Tecnologia Mercearia Tecnologia Mercearia Limpeza Tecnologia
S022,Tecnologia Mercearia Tecnologia Limpeza Tecnologia Limpeza
S023,Higiene Mercearia Tecnologia Mercearia Limpeza Tecnologia Mercearia Tecnologia Mercearia
S024,Tecnologia Mercearia Limpeza Mercearia Limpeza Mercearia Tecnologia Limpeza Tecnologia Mercearia Limpeza Tecnologia
S025,Mercearia Tecnologia Mercearia Higiene Mercearia Tecnologia Limpeza
S026,Higiene Tecnologia Mercearia Higiene Tecnologia Limpeza Mercearia Tecnologia Mercearia Tecnologia Mercearia
S027,Tecnologia Limpeza Tecnologia Mercearia Tecnologia Mercearia Higiene
S028,Limpeza Higiene Tecnologia Mercearia Tecnologia Mercearia Tecnologia Mercearia
S029,Tecnologia Limpeza Tecnologia Mercearia Tecnologia Mercearia
S030,Limpeza Mercearia Tecnologia Mercearia Tecnologia Limpeza Tecnologia
S031,Mercearia Tecnologia Mercearia Tecnologia Higiene Tecnologia Higiene Tecnologia Mercearia Tecnologia
S032,Mercearia Tecnologia Limpeza Tecnologia Mercearia Higiene
S033,Tecnologia Higiene Tecnologia Limpeza Higiene Tecnologia Higiene
S034,Tecnologia Mercearia Tecnologia Limpeza Mercearia
S035,Limpeza Mercearia Tecnologia Mercearia Tecnologia
S036,Higiene Tecnologia Mercearia Limpeza Mercearia Higiene Mercearia Higiene Mercearia
S037,Tecnologia Higiene Mercearia
S038,Limpeza Tecnologia Limpeza Tecnologia Limpeza Higiene Limpeza Mercearia Tecnologia Higiene Limpeza Mercearia Tecnologia
S039,Tecnologia Higiene Tecnologia Mercearia Tecnologia Mercearia Higiene Tecnologia
S040,Mercearia Tecnologia Mercearia Tecnologia Mercearia
S041,Limpeza Tecnologia Mercearia Higiene Mercearia Higiene Mercearia
S042,Higiene Mercearia Limpeza Mercearia Tecnologia Mercearia Higiene Tecnologia
S043,Mercearia Tecnologia Mercearia Tecnologia Limpeza Mercearia
S044,Tecnologia Mercearia Tecnologia Mercearia Tecnologia Mercearia Tecnologia
S045,Higiene Tecnologia Limpeza Tecnologia Mercearia Tecnologia Limpeza Mercearia Higiene Mercearia Tecnologia
S046,Mercearia Tecnologia Mercearia Limpeza Tecnologia Mercearia
S047,Limpeza Tecnologia Mercearia Tecnologia Limpeza Mercearia
S048,Tecnologia Higiene Mercearia Tecnologia Mercearia Tecnologia Limpeza
S049,Limpeza Mercearia Tecnologia Higiene Mercearia
S050,Tecnologia Mercearia Tecnologia Higiene Limpeza Mercearia Tecnologia Mercearia Limpeza Mercearia Tecnologia Mercearia Higiene Mercearia Tecnologia Mercearia
